Metrica,Valor
Silhouette,0.11791404640902828
Davies-Bouldin,2.49211195581661
Calinski-Harabasz,112.3233308111116
IoU,0.13602497311096093
Dice,0.6107565921258086
Precision,1.0
Recall,0.340007979719022
F1,0.5074715745951247
Accuracy,0.574
Inercia,16322.231809254645
