Cluster,Nombre,Clima,TraficoPico,RiesgoRuta,Distancia_km,TiempoEstimado_min,TiempoReal_min,Demora_min,TipoCarga,Peso_kg,ExperienciaConductor_anios,AntiguedadCamion_anios,FallasMecanicas,NivelCombustible_pct,HorarioSalida,Tasa_Exito_%,Cantidad_Entregas
0,Entregas de Mediana Distancia,0.5675675675675675,1.2072072072072073,1.1554054054054055,265.7694144144144,326.3713963963964,365.77184684684687,39.40247747747747,0.7905405405405406,8670.79054054054,6.009009009009009,4.9774774774774775,0.0,0.0,0.6621621621621622,39.414414414414416,444
1,Entregas Problemáticas,0.5416666666666666,1.3541666666666667,1.3333333333333333,174.5895833333333,191.32083333333335,290.26666666666665,98.92708333333333,0.8541666666666666,9043.0625,5.229166666666667,6.020833333333333,1.0,0.0,0.7708333333333334,8.333333333333332,48
2,Entregas Estándar,0.4271653543307087,1.328740157480315,1.1968503937007875,101.06169291338583,113.72637795275591,140.726968503937,26.99625984251968,0.8326771653543307,8588.6968503937,6.096456692913386,5.0137795275590555,0.0,0.0,0.7362204724409449,61.811023622047244,508
